phone,amount,comment
8938649784332034
8956844588728091
8800170292041864
89288056344855
79314266895
8922114382623151
79827478297
8978722984728191
79686126378
79827178131
7965821835836672
88009504030
7999633409738879
880021117349630
79226550516
8959387840626954
79222948022
79811556609
79878278239
7913296856215980
88003089656
79878357869
880071625456120
79971129865
880049049113530
79702364636
79195452332
7960296304176761
8800156908925317
88003621532
79365142490
791298393915095
88001888080
79679680794
8800768339114922
8800991902642048
8949668969014738
8800256431311556
79862223988
7917779919536223
8910930246585104
79566659678
7964437032381729
79757182486
8800400187397855
8919605382493217
8800512652648004
7913125277956703
8945863798128948
7919246436178191
79906027801
79298939740
8800251287737014
79145373796
79659755063
8800589183017856
79145084160
8903906879320948
79565755465
79999518831
79586088512
79596377797
88007986328
88007127520
79195016549
880025315784605
79893149379
7980322585414300
8909654248079535
79461882183
79589412522
8930905416592680
79994905161
88002396328
79745414849
8800414826111094
79134498756
79462801662
7949767419989289
7998999283730080
79681272779
7912675751910167
79681417432
79847421898
7941371463099163
8933307825435591
797361811312157
88009747183
7948525399429576
79921528771
88008194995
8800935377167909
79285613243
7929239782821729
8972166634236643
799553459463237
8974280136846024
79612971302
794280113841500
897267778422309
798430807041381
8800814508865551
79935679059
88005219055
79394076735
7935790780723075
7944702815546356
79826744203
79573526537
79907694325
8909504857448597
8800617369076289
7928348989876977
8966498125359305
8800177259624954
8800129168769047
8921295575744582
88009068996
8994746124116392
8982545390236476
79811905529
79357161485
7963449687627136
7956267930471301
880034148105651
79793814424
79438185517
88008646041
8964107101510977
79941529297
79879422894
79290794009
7969615948473521
8955518808442225
7961307283812752
7949210620748034
8926264249793592
8972837883972434
8995873636520192
7926588881963052
79117067436
8977762774234406
79518312123
79762971497
7923824994171261
79787748974
8800349687136401
79955591045
88001809038
79745927210
7994437636533607
88003385657
8800722974033176
8951066996412563
79986514746
79897168936
79934847375
79679780367
8925294537541724
8931962917737144
79154734600
79832169578
79495253827
79532564111
79551321617
79975792232
797361605252826
895981546351951
7961344186817845
79356539701
8910821567097713
8996693512931615
7971331384621398
79718509436
793645340532642
8973214368477402
79200296528
8936897313510716
79681969728
88002525953769
79671547565
7934650512452191
79964833099
8949531242123792
8976687164022349
792633737636741
7929142326155658
8920950727057755
7955140288042141
7994207901923845
8923825759272475
79342593414
79453653722
88004847918
897623113559783
79335358774
7941717018312320
88005283527
88007627411
88007052435
7972668893455342
79368072636
794714345436049
8925446336931695
880025294395915
8935165921237836
8800830979583150
8800627585981149
7997846779384019
8800485853531820
8916037439037468
8938528592327387
8800900597811916
79472106216
7984593832288906
880078987967861
79795695246
7928519805866939
7934171602798403
8800375723440972
79127996244
88002952582
8985856958837866
7991338097485880
7961583882214327
8800995647354596
79491221419
79998587882
7986528068445913
88004307468
79828155390
79569107060
880077450239820
79771011550
7969426711327875
7976681354548779
79554604096
7972172436175793
79606596692
79898111387
8994522282080303
8934464309425233
79875299887
8800984826247678
88005559262
79406467424
79530861426
8949816754655203
8960355116140984
899831785335564
7999519254837330
8932741679178187
79583113964
88008349196
79604664047
88009044158
79516613644
8978262662228806
8906853070620968
8921342245330085
79244828575
79266725770
79144283956
791442097656390
8981186078328485
8936444513966344
8939239812626794
7961461577021579
79786749457
79474945498
891911890706617
898412587415077
79546599193
8925855876211655
8931451171616161
88005509859
79065136423
79818738817
79527137550
79906369372
8956246697062570
79710264635
7983905483993254
88003249020
79541837130
794092058202933
7923047089018726
79022248732
88004911025
79921847739
8936868395329002
79997237211
79997823009
7927823951594159
8960927916715717
7946967401883076
8973779818753841
8800672784953243
79174962227
8800182678922167
79638331425
79792884658
8800255978715983
8986158797185332
79746213935
8800498669620483
88003579682
79244654442
79627802995
79385211355
79344254542
88001929393
88005037021
79334512398
79916746833
8944749904947590
8944102246372209
8932017198233331
79504420550
79810930211
7962487576950824
88002855127
7996666627338197
79207520348
88006951397
8928142632342688
79164452120
8800602893994347
8938143906551691
8958649917727767
8966192857837155
79583784991
8960838636267148
8800290618285553
8927456920084202
8800769647023665
79373969697
7954968284542716
8938612771730308
8800478382237510
79289448902
8800711763790030
7989777479626719
79466472861
79939644132
7942769014447080
88007198633
88004928845
79527932442
79474701541
7932696192970563
88006304110
8945303171442728
79872763684
7986913765380232
7950903185033944
79553678926
79542132938
79751117473
8940825269022977
7923468160431475
79985024981
8924158847226481
79633289629
8956725441597775
79935375683
79837968231
7927996997978244
8923261614639941
79487946311
8800949382835357
8800718448332885
79287600032
79441783732
880010329776307
88006218942
8800660931574392
79227172248
7999673511170227
79643602128
79838624272
8921332595532495
7996470826111891
8948235603541679
8800293473021204
7924370305112158
7968796473425744
79124772444
8800833644918683
79888326799
88003374486
79538473108
791185253413647
8951315254396520
79075423778
79172366107
7928880815924906
880013383801439
8800489212553733
79437998609
8924224281785376
79800631723
7944739482925885
7966393544758761
79222883278
8957985049225792
88004903272
79225572241
79764308885
7919829292240817
79197403368
8800703988673960
8973542629992349
8800686321460469
8800294695561153
79619963431
894197418216762
7976555210483180
8800295737713705
79891909926
79996663188
7975219567649166
79852606865
8800718922225270
8925080357841579
88007601971
79312226588
79600693690
880092653288803
79215328580
79621122941
79490291914
7941123235218337
8800403885127231
8901804638992553
88002389697
79288623200
7998382403722111
7947518685042112
7948166783737278
88004207451
7992527476183528
88002048524
79733022893
7922844082642724
79325039890
79144294153
8935409581953340
79251212075
79269733660
79417979787
79473795871
7933372654833081
79172538126
8800531565835713
79979123007
7984055277616925
8937048390740767
7929160333690543
79757284845
79993775235
79684932048
7976462816631069
79625463476
8800273631157150
8800910734712886
88003192310
79963433087
8963463305333433
8800925944363598
8988387128149445
88009649814
88006033874
8949551889951095
8932687648911410
8912695608747731
8972757574282116
8959788206930022
892019976971205
79313417550
8963219972763676
8987263615318085
79274698636
79107561220
7922487439445354
7918174487010774
8800923491532221
8983528496447857
88004303350
8953480754722973
79177141677
79383999903
79847826306
79126577291
79686426750
79117187790
79329143021
8947624829470773
79768414571
79358446002
8926781680693127
79673265408
7961742893410052
79182536270
79663927204
896657138639449
79954842890
7949443018344995
79603568863
79154577985
88002583030
8918580178430381
88002983655
896401887937462
88004659380
79680562890
79665022359
8939277531726978
79768282422
8800555772635102
8800354493817069
79894635740
79127416943
79319445542
7924492405649992
8800835242926089
8800866579794712
7985379185062496
88001651114
79276263369
880092545624054
79460244474
79541159015
8800113432042650
7965409240329733
88002024267
7967626392367666
79606905501
8976782105927864
79973608810
8800292541937646
79720025291
8800265242226874
7926833817945787
7996207596416549
79714559988
79140279883
79667579882
7940107838518382
8932135764731798
79409320078
7911587314236500
7955525612890734
88008303155
79581991456
88003961867
88003554316
79797524601
8920107695845545
79481449485
79411541954
7914622166823385
798763789662474
8984953844774808
8937448219942675
79889303921
88009188460
7927092792214208
8905541723527176
79200719759
79451270716
7935792714244399
7914880400415637
79993355454
8923346463474243
7951560332539362
8971513314481858
79232266737
88009961755
79594438549
79550823235
8956575773672495
88008625571
79778429391
79997037612
88002747498
79692546029
8943355662216269
79365169737
7977967322190170
7937871552133003
7968209538814793
7947611612119047
7984974794968134
8928437705834327
79902948665
79036840993
794886939305914
79401153401
8959552609552054
8937542266372834
7966363019982899
7940833902631330
8800341122029845
79749231272
8940649772285910
79220241080
79097090256
79693386002
7910903325645381
7920316539821055
79892546559
7988496549271526
8935544769884399
8990565811534511
79279287193
8800934459022078
8800236385343157
79705995515
79865764416
79921326730
88007373215
79297633791
8800657813821708
8947631613527159
8990529199590374
8800991368740834
8927145584364461
88005192984
79884323737
8940708772361765
7928309785626505
79015604761
7996159350781680
79596962153
79696293262
8904912476894314
7955906331432565
8963878679232177
8800746716919663
8970329665037487
7976867825183572
797357518302487
79548164544
8952366091353123
8919258284550545
8944591329442213
7982930475533382
7964564209675870
7956502385152340
88009885880
79981428446
79426205708
79212872237
79404456799
79625578875
79576270734
79190331578
79173774492
7957150804611847
7964707382930615
898032710793224
8978735573416445
79945719530
79972881437
88001755370
79001952946
79239294016
79807139725
8800630547841570
8925859860412989
79468507118
7955198862465392
79761255780
79615174816
894512561699077
79732082838
79449780387
79194729738
7952844322313303
79300522805
79760359668
79839362559
8800677459514484
8800321136657154
79914949346
88008332727
79706578266
8903371185115792
88001927061
79720480046
8918243838491049
88007871820
88002807797
8963917524615192
79985773582
79469654499
88004369876
79457475168
8976394649327081
79946013802
8800234191981146
79832047893
79376637813
79088982627
7910497240730008
79519703678
8936461564229345
79219960050
7976368214795742
8800195161485332
88003052244
79167061535
79662195210
79979115774
79903726880
79821688356
7986158785312295
8967620032150689
7962240631619130
79248412651
8924234193863489
79395436296
7978912841631296
7937657879311898
8946029711547210
88002929818
79725384522
79156921794
7968947078525299
79163547419
8985383941123180
8800710672393197
7976344783344296
79591450834
88003774043
79709110243
88007806098
8958353685932670
7996697809811595
79536971071
8800858745395530
7998669414052742
79486482096
7944438156655474
8800375268295747
794621207373235
793525850064796
79177392781
7988627163498068
79428131179
8997890864867772
79453687345
79146472430
891392157253214
7921212477747980
79349658797
7911461244943885
8980790541510570
88002039030
8800578252111088
88003113388
7936223328760845
79026945035
79471419871
8953255400556195
79769149227
79932551134
7932950378931361
7988813456330272
79553269491
79287741850
880075189224874
8937558359810901
88004592877
79411173571
79865887886
79829156257
7981262347830061
88009141981
79281824466
8972806561370743
79177667913
79868146663
8800542953289687
8800176484317032
79269310003
7948546089296404
8995429868762103
79573101965
8937119725416241
8955285639039379
7999464687865217
7974120419789041
8959920824620310
79948076628
88006803262
79829960052
7938059048437450
7968657392032869
8800672905828640
79431629413
8919922941039987
7974466052343064
79149174867
8800434334953665
8951371721327382
7987136719537868
79817384760
79834223076
79823712268
79869731577
79285670467
88006991963
79758244466
79567896788
897072199841584
8800377564618479
79127202849
8945702883046003
7929965239598905
79985702730
7961269210328751
79731505968
7920988458763365
79144545070
79658694813
8800190866775214
8992882586845336
79965556842
8967822410239676
7991365712342836
79701655933
7999679951024262
8994260991384775
79252765820
890822464934269
79431806959
79206814445
79786920604
79068408833
894478261219339
8800341645021251
8958430438035063
8971201522640341
79196271007
88002477583
8971970621213610
88009645151
79391661219
88002238348
7924154434481548
7982596930785711
79279117635
7988513383545594
8994166182927279
88005554285
79224619752
898398174166533
8800762536298923
7963335660930308
79970122349
7939700941252324
79230375329
7910745631840454
7933980271159332
79517845045
79418951606
79308503853
79183672544
79742014442
8800251414756643
7987481252629492
79601193429
79968428213
7929850667813841
79817149596
79571750593
8970711120633773
8992950547873619
79636214866
8800895569828989
79524682540
79264550589
8995509998520226
7922506299239065
8800800161130951
79621122352
792684564238864
79592628276
79869963334
8971559668979001
8914817722632369
88005904790
79152776026
8800931214128819
8916484143247589
7924741083913689
8918735397417271
8940406252416499
79288886737
8800205813149011
88002919515
7921329366439904
891744150767528
7989172821980739
7965025287534412
8800142209749093
8994712351090789
79245179275
79640211836
88006016553
8929220295138224
79767877212
79841519033
79448504962
79642205429
7950965487625234
8947525749527167
79954828737
8988450922762461
79161251656
79299348504
79535419482
880018461585721
79507711738
79763344199
7921665565520465
8800301944672940
88004012577
7993351110733132
8928909699692654
7933080923235262
7939636992130627
8904692316221741
880039175478264
79838841702
79397066688
8800353619866101
88009954291
8920129681691613
8800887813417420
8800812806531390
88007243886
79461615782
8800236294442947
79151940775
8800120495067066
792317447837904
7941370862913993
88004349699
8800440883422436
79404570372
88005721641
79626866634
7954701672891881
792034555617073
79457884162
79388775157
8921968469617142
7986363716985830
79756489666
79554746576
79991663186
79321693629
79767285916
79718003433
79361932614
7986440133764830
79225844639
8977228824443492
79116405076
79708365931
8800394786414842
8940993226549500
8976163876085008
79954867175
8944496925670049
7955740515999167
8932324746156806
79365173042
79855665509
79447436706
8800971923693795
7991827749636332
8921675218457181
7953398269713422
8926888176677028
7946684012418636
7915473926293952
7916963103319983
880034725591376
7927875278421573
8996857998840597
79837745524
8945878122567187
794554175596463
7943129798340252
8984848454830589
894852637578624
88005814561
79399220811
7951334752260924
8800894795041539
79355622873
7975800579852996
8996939319433504
79937503235
7952550075230271
8923531499174647
8800584959145872
8800176227961821
8919472773519736
79867897208
897702965543647
79538605104
79361319248
8905330015443384
88005547954
7947753248118749
896561214124029
79767397053
79695086549
79521669537
88003791911
79270871854
8946172295125142
79845735687
79716059797
79966841984
7968637581963268
8800368241645056
7940291446178832
79800823570
8941459604542509
79206136846
8800156671035084
7978153227795121
8951422793045435
7991627871211124
8986785748885544
7952935957880498
7981645701046186
88008213659
8918906633783119
79266045165
79500242475
7920690969720120
7984398903233654
7974369663222156
79343175620
8925602839710725
8902198918031209
8946571674756773
7924296957949446
79779291651
8959946877089310
88004131390
7936411155244530
79865009065
8990398656967079
8974550362177452
8955290878315376
7983651565047887
7954242135642879
7947175913322406
79227499643
8800818403713343
79853134454
7982075546733508
8800802544619489
88007387264
79630959201
8800110399752217
8800339733170904
7959956505450563
7954521947423098
7956863252810984
8984444563425833
79178813151
8800825666475641
7998100423869937
79302401002
79958272555
7924155400417007
79165987634
88006303580
79582187758
7988814285534521
79012789718
79631885292
88008077898
8800523449485675
79867413154
8915179944410736
8800767345556034
79624774344
79135763784
79394764766
79541907598
8976194486595581
8800478178730714
7994052216311610
7955319040619535
88003946859
8800768377793717
79359638924
7976564920250221
88009164652
7917080410210920
79751062525
7974646619865593
88003347911
7947443258011784
7946798754990665
79444516943
88008642848
79773645767
79722493880
88003577179
88003797421
79564726039
898151946594541
79582209912
8800957236780002
79448816222
88007219774
880025434187652
8961759254550275
79857371291
88009145984
79776837484
8800832879442537
792560092092901
79908408175
79273347765
79512952875
88006128644
79082983904
79303578858
7980051324211506
793991640598034
7959564914319737
8800186342457254
88009722346
791958307464942
79175606289
88001319867
79421751113
88004412765
7919596721651554
7977075952643887
7950925882864418
7940957127810653
88006684026813
79293080944
8988915604178414
79863301383
79748575025
8988236893342055
79836663167
7996205649870833
79144426172
8927765917115023
7990267062332547
79356976550
8800455112045404
79952953438
79469871962
791425115745498
8800524203624067
79334072386
88001046465
79051900145
7922920938722433
8800828266745509
7947581133336177
79585362915
7997784983341803
8984293703976361
79877478040
79441932896
8990908594749405
8800870367740065
79863571320
8934441936525599
79388737437
79659016147
79782392378
79957284656
79713505932
79355168053
7916905350624167
79633324899
79666215068
8994183786122426
79408284614
8935559791160507
79734484388
79537674016
79449687161
79361487884
79557922356
8956535315121619
88004709649
8964393537747711
8944216418921211
79790273928
8933586685767599
8800866366637469
7946360072654413
79613593247
7965469857226558
7950817181044822
79529163449
8983622553134469
79284787003
7985234449252482
88005423199
7951714791026655
79551247067
7962975496571339
79578784664
8965047078449388
79258638844
79557452612
79112214237
79103517944
8994844201230156
79422123572
79986043229
79266535754
8993369841944813
88003743279
8800658743981212
88001271810
79176890388
79509256508
79996790785
899490812558147
7948786735636395
79483684558
79291312612
8800890933278565
79854592240
791668912584063
8937542454776073
79872698870
8930928368427070
79261335678
79488711444
79927558624
79997384229
79016246103
7981168225426901
8924792374264041
79959092317
79748512934
8968154892898712
88001037231839
8925834846087690
8946134431772211
8980138401764933
79176732551
79969973253
79101240433
7964772960765255
79188418193
7923335907619451
79299306107
79662788015
88002753660
8941277362574383
79550363195
79878475303
7954442003440777
7984201120298375
8916422501169930
79532561603
79551264713
8800652587146925
8800238633446587
79311786389
79482604743
8800713123822659
896324614389458
8800295609018011
79338861146
88008983955
8800566606831933
79887866760
79507972421
88009542869
8910365067352862
7943291253453001
8800334475015049
8800557477766899
79302438192
7989969712234251
88002217947
79256356480
7967147811759795
79256807021
8800354627279270
79169190429
88002783682
79213075506
88009893122
8800735916056553
79470356265
7983200285463490
8800363387946498
7996285001863382
7930821250766581
79650927103
79549791809
7930833303886896
796629522496933
79784284773
894908606158957
88001106334
8939443744223116
88003326875
8996154557632253
79993628541
79342723020
79368666019
8984424917520081
7985780121521855
79438106694
79993432110
79319645685
79957074772
79504412855
79724837605
79418871117
79473227482
8990447105944868
7958564173492339
8965679182954980
79905818609
79955303127
79209499397
88009846934
79207133487
8800179807213913
8995696433644759
8948175394639694
7943691148372189
7987146491514142
79667792460
88006979132
7933613137822586
79762922268
7963931600929457
8952422477449311
79224718227
79704001937
79443621570
898779853471383
79577157144
79147629763
880055228467189
7941442511727018
79710308270
8962356988884600
897571268132795
7960987673118046
79245237269
7954429993044304
79747924220
79523160244
79899793870
7997806040156961
8800946388685452
7918775879294069
8990265418539624
79296909762
79826968053
7957719589719441
88005612958
79949959087
796795412115388
79932568362
8994683689464660
88006003926
7950584365327236
794813049978480
8910635218975137
79788071205
79064822654
79499594869
8800564375494377
79435863080
7960665872021079
897728452438295
7994431349779135
8935699964412739
88007994581
7949685888877709
79789620434
8986218441141692
79245161488
79387114660
79936340655
79200334253
79777529563
79952902915
79146680515
8915335774244695
79189977369
8912467536747057
795263221238028
7923287480832225
8800584199461864
79273650815
79391315108
79562634367
79347333340
79955361994
8942258918434727
7927298307196994
7953619626636976
8800754732458235
8993015243655513
8969149262326850
79789125379
79355086731
8975264032643036
79568913236
8800915597696420
79582535626
88005737771
7967932636613159
793014419525734
8800999943296677
79674607454
88003792043
7945643407540370
88007007679
79684372462
79592466361
7923285944784714
79693399313
8800897238533521
88001273185
7996739529139272
88001995955
7985412597720959
8800191581677514
79734316297
8800123832016667
79062583550
88008393943
8928984222637578
7955390155740904
8907328547544608
79883586121
8979826741528260
79257093001
88002887691
79553644007
8980655374742823
79736812719
79249661488
8918459339113599
8800897178116065
8944382814766037
8995942851728702
7951064123110696
79206198758
8912539564549699
79696865846
8800490956385812
8800947632122228
8920506359991811
79586916479
8959782645113730
88009718853
79360434415
8989826632021863
7999185775128795
79886448573
79148308814
79782855263
79348166946
896374664437743
8961919899417503
79149324861
79380140552
88006404014
79533368235
79105712252
8972957813646923
79718536672
79683658802
79488947267
7933558068399645
8800970458967858
88008315487
79211565387
7945508405332977
79314418212
8800913799415429
7929921776412712
79551251899
799329889149743
88002877045
895488818544240
8970919663847358
794969430763097
79919933836
8944662186058664
79748194706
8974364499825067
79596482121
896818362141691
8903201374128248
79687057897
88006003532
79154011032
8800609451754269
8926586585882980
88004718035
8929407199169486
88004582043
8800208234733656
8993884527122116
8951729871157610
8993883759959801
79351977245
79128238686
88006606582
8912730722772766
8800498998614837
88003657711
79231369435
79008311867
7979699160937056
79173193143
79776260144
79262170257
7958802584224216
79804279376
79468492373
897953945342789
8932854001637380
79922907317
8907890225529257
88005759324
8981421308334490
7987420013136733
7920548672787381
79922060591
88003964661
79800841697
79309581467
79579766492
79686137591
8800918606948900
79470784131
79958461180
79423001709
7979984562324299
79206936515
7978198641547334
79838328084
79754139886
79537574204
896168239336109
8934647493076950
79977476084
8922346608228852
79184064638
880041468125555
7958693035210996
79111042479
79321866692
7957555670631127
880041423697017
8800203153563908
88009137484
79727307162
8800987972560266
795129469509882
8958905697911061
79854192424
79255237050
79996913652
8939613014648177
79798047596
7912655963711861
79654932969
79329851524
88009403492
7981315180332046
8800653162379163
88005412487
7990894262263215
8800986311398536
7935620462848970
79199673328
79531236078
79153105015
79954435037
8800853203135989
79108373801
79255290927
79565529998
79732826783
79022881040
8999668238952570
79474118633
8800485933535009
7944507083051339
88002635947
88007514076
79179179878
88006843773
79936855875
79087663565
7971653927947566
8800828856153252
795220747306643
79802833639
7922424791321621
79804725665
792304036244663
79727718079
79427476832
88004123685
8904022152572435
88001813992
7993881405315890
8967523459258965
7965686877522995
79416886195
7986303080257911
8928499313060534
8800840281222560
79886543770
8800181548047076
7990219808372835
8933869634243688
8800498424421648
79656560701
79231236616
79188397275
79961396356
8986509229476198
79467010471
8932858909836957
79882861319
7920880801367766
8908821624310252
79948761952
79855501351
79573857831
797051370867182
79586538095
88002118067
88008756841
7976915513114752
8978421539651214
8800287108712405
79153284265
880047883564939
7983760760227084
79884126750
791516131928029
79732019439
79396609022
8985993892911934
8800443784464010
8800946545215607
79353643486
79869304851
8800806924427330
88001199933
8800535852948602
79414758374
79399088730
79446426897
88005626222
79372472777
880097537558311
798998769855684
88001439484
7950482029150372
79689934528
7965939525991992
88006772396
79122558815
796842982698306
79921246204
88005009930
88001041983
79172630666
896988197786664
8800388782012091
79500133816
8964898736440480
8942305035763485
8917980450818747
8921489693143743
79107516972
7927523690255529
7927758590843869
791731364314526
8997103736923576
79254966335
79769485779
880040345134638
8937810685654063
79799948347
8800332107137178
88009428016
7948855609442114
88001492673
7971335128853571
79865849475
8909276424380439
79179497432
8929772028247594
79943021466
79563366318
7992893105056133
88007878383
894884252873858
8905935570741800
8915596595964463
88006335056
7974568747424691
79598138343
898503774894856
8998292135591210
7965147922611580
88001022027
8976330483630952
792768263855236
79265240561
7955745939285219
894764471942039
79587933182
79364803164
79393394052
79544548373
79599233972
79980900759
8924192514919978
79106774737
8935159373984716
791687997111249
8800992688847962
8933193264025881
79192272226
896757990554323
79556165432
79385501145
898439177338274
88006658218
8990665070542605
8800828622132494
8956458178231863
7955965819243178
79967819948
79944575836
8922104992263945
79807487471
880085064342036
79717570633
8917209231113039
8991423124741818
88008245775
79915274767
88009092815
79999281713
8979832142620092
79744565743
88008715921
79969914918
7946731167687897
7928815373051177
8966007243825185
88001875535
79624777678
79511378258
7973573234014383
7913285073015494
79582485084
8927364446146911
7945234827856401
79847232959
79592234629
79754489693
8919435353935931
88009312028
7981592408923846
79336780608
880069468683506
79556747866
79433998714
7916916657233129
79736235735
7911516323790183
880063448445540
79827055087
79762751921
79184285522
79108432455
891749380252275
8800462882438088
8961432519937905
79959468286
8960885829646062
8969211171099329
79385081987
79607807177
895898334713763
8942375324038736
79769831417
79154241881
79475261633
8929923350026916
8800974236768183
79715447167
8929976055631308
7984501906012986
8800276707076022
7937244807535463
8997043929762254
79418881634
8800633398184771
79479381868
795819957078817
7935534133784480
8958194991996397
8800300483747385
7973489741218684
79314863751
8919165265880058
79282286068
79121911914
8800663781736749
7965100932737346
8800217763223884
7994047134125486
7963974923679311
79828859258
79918441475
79174534432
79222154904
88004086722
8999295564046559
79415046295
792569576666141
79824969978
8927961364061320
79549407179
8955113904344528
7957353441410541
79415675613
8961917411927638
7992603334026946
7960693545040148
79247494426
8800705439971570
798917356601946
7961763743838010
79612356144
79349789085
8800442611791181
8906994237253018
88004024897
88002668344
79943004121
79629008749
7979544745922285
79838266214
79746480856
79601537916
8902349556917051
79621905373
7990912919389411
79223392782
792677847211236
8977272785740896
79785729369
892586136163181
79957184803
8911567867442542
88006491727
79634736136
79702075969
8933889220757348
79162667051
88002317387
8956121763981453
79178303069
7954505730420642
88006294190
79719100493
7917621728765859
8920116823788401
79251584562
79584959503
799386597862331
8800207788837873
79323173886
8800357849451620
8932044638126394
7992616311373235
88005692440
8800459455847568
8800253425245601
8800648645343247
8800718771041916
79212022604
8990698837789397
7916380922611092
79642749040
79861264735
7964080692897909
79857047233
79542608888
796238850311825
79599604544
79717115302
79780616423
880096019196934
79502720500
79473047053
7911761533431668
79686103090
79914181720
7968665571798199
79577684580
79809644772
8939247251886392
79368501606
88006584517
8800251571720580
79701042320
7989142842561642
79835977623
79534374259
8940396085689215
79495882393
896774718334941
88009391765
8922418226275279
7977051732242361
7994733523227474
898497349822249
7925142665519770
8921283296250910
7941456508941937
79758999423
8800956711473578
79445037705
79921981567
79349715282
88009105653
7993887779538807
88002451737
8936313234639083
88008237616
79693880926
7931934167548407
88005576851
8913984431711815
7993637309027043
79191795763
8925396291598867
79928746292
8981352739254810
79879975369
8992253592935761
7974491484341652
88004788483
8800368485877726
8925148607532424
79232676893
7954299177458734
8800300481471746
88009886832
79837114765
7942244969715505
79255369622
8800609317630942
79413635883
8800182215013565
79785175842
8800172135815570
8800884503789943
79294979864
8800739705368135
79728498647
79749495921
88004515437
88008556913
79734305691
79117186788
79602710410
79546089807
79468320942
88003699278
88004533264
79273143776
7957098033125286
79489073667
79677070055
79407093047
79947411766
88005769859
7967625305921117
7995545962340652
8800852266598044
7988077944796609
8905659775122379
79896195028
898166745969320
88009306931
7912209783138581
7984552591188258
8971532934622603
79982942307
79778775046
7987780951841913
79797776426
893621186615067
8960728328985521
8929565638549237
79624786610
7988614580927714
7982288706784402
79249466810
79504448264
79455293499
79280469409
79779425062
792410303486708
8800736743613504
8800557999826781
79899250875
79668071868
79890071765
880046649779222
79708499248
79438030558
8965031345635627
897721719339072
8800816117225832
79609323441
79960175267
8800116283869259
79853004514
79998839425
79793732695
89193952755465
88004279351
8800721879910934
8800389142841443
7913868029499460
7932377778274489
7945520816638072
7944798789898068
7955763899771936
79148396119
8800936163321437
79838472766
79786329691
8952457222845685
79251378178
79145648721
7934466317833906
796656949558147
8914486681952660
79502795168
8913216543552093
7970941072226544
79374381048
8982413513395817
79702439303
8959630187984647
8975836151149234
898343966214295
79646639848
79676175068
895512561612969
8933613993486983
7946517100543902
7962638202353353
8912998751427621
8999711394067777
79353029645
79557082793
7937864237648820
8912903446347827
79267772953
8918222489515194
8968459909282250
79783238000
79335698421
8999599673552931
8800608942036902
7988330158821899
8904787878130913
8938148898763310
7944224495525724
79679104398
7967692529212777
88007502421
79741471425
89353795991255
79233687186
79637620434
793713245357273
8919871839555509
7994113752033147
7980493804930598
7981650040026342
88008965591
8900124648429818
79843303471
890581687992580
79193817594
88009553473
898539024372529
8986279177621304
8800639458781300
8800982597964072
79795684186
8974087225137855
8800181429066556
7919949323581881
79623844190
7982995789558889
79914988841
88006958280
8937624074656264
8907590470246205
7939664188415565
79336152599
8952283957715658
895120939559573
8800145315941093
7956728512835436
7972486515025429
79196438255
79177524466
79277226816
79538559841
79502357963
79348638970
7959351993840015
79630375016
88002602695
7921666895514845
79896529347
8800457221681615
7913998546894359
8985676973037375
79997385403
7986212349649026
7932468196217383
79916996607
7910342394459637
88003444513
79475837546
7924481472564616
79154627315
79925100834
88009866376
8968440657548865
7910907249997634
7936905589268732
88007489729
8964139816682563
79236626332
8944304905150494
7974171678395590
79251497829
79923262050
79788729102
8942490487749723
79311584019
79072632169
79733985735
7930438620538934
88004961660
893378224578653
7915028169656282
8958672557514354
7973621629252643
79685512128
88007217212
893421039325182
7969261039795560
8800139732016486
88002839121
7969174900622388
79908842801
88009573545
79154731459
79039467846
7983712127434119
79907384299
8904282939817470
79261042139
8800652187918065
8800659417421531
79692930051
79896519811
88005533113
88008613360
79873289927
79873492939
8992231365614797
8905907426471525
88002273262
79668496808
8905492392531182
797423283958151
79842237045
8997224657698514
8800597451143558
79766342382
79777969756
79566229215
88007924342
79164997736
79171908232
7951432132196459
899569035485295
8910161464244807
7953499100835434
7923406869212886
7992786762217301
79583935930
8991441899044708
88002087435
79058329800
8912758922423493
8980194321030177
7922190040459366
7972757898344691
79167359108
791731182432480
79363204158
7924413769644093
8991006080775687
79558329583
7967345164276548
79695127662
79521247430
79881450761
7993990946547932
8968415422812881
79528728952
7996753531213942
8920805432117577
79370263862
8800444832376667
79537894987
8941063020023721
8912985338416506
8975392555744006
8911437637075945
7969666672819143
79981843939
79706910278
79444585922
79854314138
79217982292
79634784544
7922630706321706
88006591496
8938925875631728
79730114086
7934409447312361
7981627705621949
8800463781946972
79188508131
7977767407856804
79740800355
8912114713584153
8972566341719866
79306730489
79782402161
79203446393
880061545424161
79506067999
88007455122
79395367192
7948873279512908
79593031027
79407975948
8800804583945466
7998379785434151
79825670160
7959187952464759
7949564208159171
79823489445
7990973618290671
79282222115
79150944820
793081309598196
79166504680
79251695320
79441705060
894818594401992
8916935418631151
8800666371921282
79182112371
7923658721748078
88003488639
8800573476245998
79666245056
88008899053
88004808616
8939464939334018
79809575276
79921945308
897331765673776
8984129966920379
79365734646
8977786558713378
7935537885170315
79989397040
79104816523
88004432286
79654776984
8800576682443643
8800642839989751
79229724018
7926257330539415
79179248097
79883669914
7955398150284493
8800508725377215
7973708136149947
88001064590
79712909547
79337503006
7917278219117938
79705275493
79277922511
88007985064
8968946139983081
8950642205855343
891222549263165
8800989917955440
79495968542
79764393483
7967996946844477
8800973973149528
7918009470121607
8914283769715698
88006611940
899062191348778
8800871298637711
79446286663
88005731051
8974978481550947
8800754514224295
7959674323644404
8967903766114827
79723506795
8800999954157176
79199429548
88009154777
7939984594834669
880076718489433
7974968165166477
79475244628
79976342629
79336924025
7942300352682236
88006454885
8949461454535460
793583177942941
79229691988
79619131592
7936477474086411
88007802188
7926603833810853
79207169447
7954406427329081
8979212427953879
79127092772
79201637371
791477294559796
79816229693
79355721223
8987785256217134
79119173174
8800858152582672
79468888193
8977138730447675
8911676849465985
88001005763
8955935365078426
79613299330
88003693473
890594383988704
7912166597920539
8978186599812230
79210449915
79690503292
88007715789
8974158083146781
7915962592912221
88005621482
8800711397090423
7925313501865615
8918960291229373
79590644188
7976612615316735
7911585498973060
8971495484737471
8957484159381638
8931141002548363
88008692235
8959195219413485
8922284434821713
79410376697
8918981397173010
894367321197513
79422118888
8995139450844017
79581643931
7933049107262116
79968806642
79476751924
79071009637
791128329593066
79705541873
7936087897327392
8957918814695367
79716414067
79747413733
79840484570
8954949898219707
7991706463474554
88002017884
88008796796
88004668214
7914745983958425
79502285797
8975976669640782
8800453389653081
8943381602926503
88007754829
8800565746337990
88005253150
79807685294
79894453221
8917476526478884
7985940875023715
79532541035
79874295114
7984258588626838
797929931322581
880013555614650
79732914448
8925914069595985
7985038204510605
88009076526
7947052704529198
8994701852176054
79485635278
79167904068
79781204740
8990684923253759
7960973937698320
79352491467
79390855437
7986286470944119
79655166528
8800556695792905
894570618867112
7930854189114870
79646864389
88002625041
79490151531
7925745961673368
79753128663
7992648440920211
79443215123
7959726703059817
8973205985631407
79370641377
79499578856
79284542288
8800218366341874
8992335452270117
8965770937948896
8978805283875839
79870741841
79174567631
7917963675011497
8800857992615591
8800718633914807
8800741948223705
8961619339014494
8800406532013334
8981735638360158
79422622323
79588635477
79918538840
88008405327
79119819197
8978993066745053
88007498093
79685196498
79995947498
892937439197828
79427698238
7967430076674737
7913392331047494
7948312711734124
8925819880323725
7988563267014917
79852269648
795340708271603
79308915247
79863972535
79392828905
89997308770834
7967730816263684
8942953955023545
7940231275336279
8919263105287251
8800859768493590
7969350242846556
79489187625
8800847962326862
79228012252
88001623592
791539347749852
8910177486829187
79794445527
8908234021943253
8976858947849657
8914626222326160
79866048516
8915808177239859
7950774876735570
79101964091
8800516466135686
79915840368
7996820953420593
8995520384785556
79603283720
79745711792
88007551872
79634254119
7988985843413718
8969501464148028
8980440488573682
79282382394
79847538334
79761221732
8956677699544224
8800754829478587
79026410939
88007035618
8914737784049345
7987283376455187
8800704743689493
79141055196
8800151186512758
79528471557
79101693456
8800550753381777
79475818327
8979645348234820
8800831363341071
88009401413
79261806260
88004194152
8800698599286034
892855091464128
79678717215
7993226404768922
8961727721035199
7972230126067879
79163775849
79975241527
7943643672214106
7997342206230647
79154527385
794213513704913
79875977265
79599785704
7982400304727452
8916488388785187
79945594536
79845278474
88002919984
791241110659739
88005263427
8918496408333007
79118122719
8800654228082380
8800931321123928
7981921251944315
79205923102
79162996374
8952631673280827
8800927851770407
79241979581
79311929572
79324745175
8800567748120004
79188923560
79728225907
79977107575
79473961118
79195908883
79107891030
7962284823180009
8958541744031954
79864646027
892762255382490
7969797986636639
79234549199
79930726980
79595355064
88005088536
7985892133779989
8800869478156754
8924293377431266
8934452337516686
7944444766515909
79905693199
8800201467059713
8964886292273967
8800329589937836
79993342655
79342031186
7919453109623915
88006287014
79816628934
8800298968318525
88003564145
89999194968800
8996696022424741
7967953819824462
79697580544
88001693458
79950385582
79800851750
7910030896354515
8800295743122733
8800257554823184
7999543175932372
79508052480
79769026789
79286050486
7976978693338328
7925329225284781
79636660616
79913161705
79994085517
79326166651
8923639664949426
7945832581583256
88005936167
8944429837418281
88008404088
79345875420
7945742824739853
8800978499224734
8911239497233565
7935845789953092
79343112477
79914573942
899439457244262
88006754365
88003294812
7998366341647717
79987323824
7965254067247876
8800818537786843
79109171168
7973320602385378
7990508393214205
7959592715245799
8952643892370856
8975616270043709
7980057672351172
8963760712298613
8800331192826567
79907950557
7994830685269273
8800657118430582
7915720666233302
79889872185
79466926894
79149564878
79533335648
88008666475
88006138189
79877091626
7979511443041297
79348943896
79898934450
8981700316289952
7962989092624840
79971796850
7934614194828527
79338975749
79745294822
794624076997525
79511113616
79897172120
79816177772
7966180469625786
79335639158
7924633074436925
8800444296513618
798994372429079
79523637861
8960167358132190
79392389722
7938967415636846
79381079659
79917245531
79139751906
8958077722812137
7916541365963116
79361520743
7987196395537339
893422728304939
79989546551
7947541348946049
79703894811
79821414610
7970278355180636
894633988775685
88007482727
8800481558247272
7968442660874294
79986977866
7961599367727353
79321970046
8800301951542322
7951586938181242
79202104894
79524653282
88003057026
7923124571039875
7957048460838292
8800133588718448
8959906409257923
897736047022209
8941220677777585
791987334577094
79501438099
79567131292
7912740673635408
8800901521275803
8800419187930376
79884760395
7933798496857577
7979281278371359
79627144638
8800330899828762
88005472925
7942263259018343
8918104489717097
8942687844469280
7917010731493116
79661237125
8966248763726130
79451373989
88005828313
79172802851
79382995738
79675486375
8980184302848159
8946766308710381
8969936770169819
7917117097054511
7952298809150336
79223903468
7920106492413543
79252735084
79186368536
8800528785185302
8915210431449904
79224240308
7946486749386131
7968194388041414
88009676940
79996126069
8981005766911149
7984680269541256
8909722472670478
8935760525520694
79726959273
8991784504138158
79949481247
79791718157
791662454531143
7990606724997976
79208654666
8800892827373094
7993383207548300
79114367150
79501278447
79756038019
8800310351359011
7970052055370290
7994220587769799
79395044611
79077060541
79403317748
7915136413148481
79523030074
8800179559383694
88007233458
79642021861
7951592640023124
79815948147
8987802530245894
79184597863
79761623370
8800658619590608
7937548914949610
79575264464
8800346607314203
79436505846
897079570453682
7912958137091594
79772934622
79125225857
7995878678853689
8800811521190775
7968203606511023
7971368772042254
79247324909
79909643434
8800113789261212
8900128624841550
79891223710
79687303080
88001769679
8928474241059317
79225020995
79795884915
7972977971036579
79999663309
79643261219
79951928716
8955592529891350
79623637330
899636025779631
79376117772
8946255647964420
79749297044
88005332751
8937548342246192
79832873866
7982763145635380
88001816686
88004936580
79952188402
8972914336452394
79967911462
88008888674
79781813248
8995417107210681
899329445352598
8934151018838700
7959270595023077
8939874080149365
7976754604735947
8800778659382469
8962998105544139
79854954012
79292296875
8800213369630268
7910447289721681
79517049954
79004626875
7996110209652060
7931243343290337
7945239099717107
79778942647
79944719768
7960164732385046
88005759757
8967379581476802
88002152936
79715903051
890406509937745
8949746442478328
79162679000
88001337746
8960756283462581
8951493883614057
88003152721
79793533643
88001628369
8983918206412293
88007571420
88001933840
8918502353454736
79515532679
7934285757129933
79639100872
891697067639153
79940544138
8800816675423482
79303975597
7975902310910181
796751364037333
79374906866
79173197764
88006404679
8942787552593044
7943199351920499
7977575552493870
79843379193
8983319211140484
79594999161
7915784051848557
7930928320983511
79109938083
79179243654
88009078281
8962399728895578
79476230857
7915434572956845
79952382473
893325630708295
88009527631
79300918197
88006604945
79576955520
880047247199186
8800463385039031
8921244239233674
7958489305739159
79646267925
8973676336931245
7972220732028044
8800433879214755
8901042909083637
88006495946
8969619745012142
79222229055
7959965066021271
79493148022
796445150884542
7914780723664667
896385747421580
8948247333066931
79994803080
7977688686849909
8800808531136773
79722872140
7938485941436298
79672753681
79837648113
79343528571
8979748337219778
8983364289547100
880036758436213
79635303849
8800311195237842
8800114401658956
8985951584421111
79863781366
7913459745984788
7997844413114324
88007929475
7961691625625448
79311804541
8800409469564691
79136444853
79855657350
79311649356
8949693391836947
8917059830943711
79288452525
8993478950862221
880074353603511
7911667004566555
79124078055
7952534309814579
7941716646330803
8800414688144131
7952233812847596
8996432986971988
79367376707
7939393836634416
7917303361561990
79221880619
899924050789701
7931194513626705
899500167911937
79115518921
7969985344029267
8915846991879296
7975607633341246
7947162400112052
8968521504432108
88009104069
79474167410
7925198735058100
79989106029
79553289662
79551330968
8986766933597693
8991351355923418
79439254231
79742128972
8800631344842306
79180391998
79219636196
79823092129
79927065430
79345199567
88005154494
8912638916855468
7933251637729105
88005685985
79899525168
8800970428680927
7949700043936286
8800849296045617
79959007492
7975611032664106
7962395989212274
79386273857
79240092169
88003678528
79488383147
79163169443
79988657743
8923975351792701
88007698011
79627404885
8800676495319634
88003253950
79945321824
79358589252
89614236077146
8981152391846893
7920515604042763
8800509338332825
79284756285
79821758910
880089199552691
79819526745
79777153077
79276600495
79791265604
79888702714
7945259071920092
891566138506153
8976403469419195
7948234650479337
79939678544
7967161236787800
79503329703
8999462761024158
79474067767
79367094246
79373565261
8911662525737339
79549577586
7920705698011162
79942745739
88003664038
880050018334990
79648264539
7953155054127500
8902139538110843
7954262947718466
79477388982
79214561447
79551064580
8995131426830994
7942744435541115
79347408547
88003586826
79114154851
79861681160
88004174437
8800923782948751
79423765334
7988840294678495
8800940298387890
7945362241471664
79996348119
8925765051021986
8965747809875106
88003515135
7923700230473166
891080482991849
7938658514319431
79832948055
8800522446812080
8991504573712767
8800310516713553
88008329544
8918255115739754
79636872461
79284340886
8800237291652984
79388445231
79805538455
79893294604
79574887494
8800396807676618
79188569989
8800688925759078
88002779226
79242259782
79361710997
79158613421
7999687104267320
8915448802112512
79947270501
79869074384
79658667083
79520793267
79503485119
88004127370
7964483595918746
79667625178
79377758418
7946055225414315
7955199894018733
79649088979
8800814604298737
79653251084
88009623880
79650956699
79331423638
79621248082
79191039173
8926420549936324
8974907901145939
8800807871216073
88004308893
8800180949240194
8966693928048733
79573117630682
79131957517
79580278334
79743772843
7953706444437801
79320924374
7972735468233318
79996232821
88003821072
7962349749083202
79547521863
79680303503
88001505774
79688218862
79215297570
79553448650
79549332873
8962308924032903
8985837647828124
8920586723842629
88002325141
88005447857
8800818762179888
79773180773
79612032021
79966093030
79363966934
7954184567557670
79951563775
7953911202689219
79528854946
79378975652
79787536831
8910267685658833
88003015464
79937025447
798377252634752
7917117466542311
79333612914
7951179215942114
88002939932
79836763424
79818799665
88007914994
79617470004
79296686888
79717029276
79746659493
79596533346
89245429081415
7997619725291705
8933663641053514
8941847804259215
88006345983
88009461586
79466196499
88009274987
890613918341188
8900318527494390
88005214081
7942986145111917
880081972356438
79869961922
8919753254744542
7937593947110935
8940613097047738
88008471455
7981085212597159
7919646133745129
79745760960
7925184977078796
8998186383033431
8946074254263762
7912003167524574
79657510467
79953576696
79033431090
7950898295318691
79135466997
8929614634574636
88006955834
7992259028679294
79798712912
79127688775
891380373089767
79745774786
890001258109187
8800603443966381
79163366424
797991531077966
8986744318413752
79279026858
8800481273938467
79929178102
79701612781
88008415855
88007886183
8989938462934261
8932555659267399
88008116599
88004983516
7945747106559844
8900631120547686
79978268213
880057399316482
79617805627
88008798682
88008014647
88007977245
79118725088
88008253954
79352891001
8970598091639406
7985283168817272
8993913403068698
7963711565266745
798554069669384
79603996932
79622993829
79309789963
88008681510
8949554172664893
79776123756
88008899651
8959104398040087
7965578106628820
79411142140
79005862163
7943844999967613
8990767654585743
79732386905
79064187093
8939608901564017
8921452601621644
79767484413
7921814142070278
79601309391
8912663254520920
8957118112615623
79449761763
7919662035773517
79803944229
7983290003239618
79675871223
8800517466963688
79618062499
79109292537
8965896384752574
88006249053
88002623061
79451132529
79163677288
89823878646830
79952252961
8800539285235252
79147045891
7934812660842222
79777441403
88007403068
79582904174
8959644645135179
88004051496
88007397031
79296482036
7926569874519921
79401008609
8800445674124328
8924626520915478
8920954562511391
8800816328237555
793596224064515
79962250382
79719034008
79773984424
8933986383022520
8965483340529843
79505845177
7916871926355879
8800146909718333
79853619836
79328451652
79158905943
79752106141
7994559619529665
79228619978
7989264613787365
79579245376
8965992356185426
793914945452352
7936327675010265
88009896913
7995422187986437
88008061291
79699927613
79455590842
8999069179367854
79427921554
79434355801
79299542980
79382044092
88003086347
79576333420
8954522879875879
79143489850
7975302816888309
8923334504342698
7982486800621908
8964515416379285
793868695355909
79409615319
79802730659
8979767017735094
8998769229548260
8943816140249217
795140059264607
79397591625
79435069497
7985718185140108
8800288558623850
7969167498823138
79995733886
898012019783395
88002918085
8909362108765066
79767106750
8800699615576040
894432106399029
79837903951
8800478851449997
79875825774
79821135160
799491081712196
88003389814
8967443841588560
8800331915049287
7961828464457526
79399651709
79655550453
79334060225
8995802585015623
793695114874729
7983638842473449
8938542010548370
79186166853
88006643780
88009392136
8800923476684669
8946025547890385
79218058374
7912058623449098
79718876866
7992905038691278
88005166190
79552489763
8800227509099342
8937936871123595
88009842651
8984177219934086
88005603220
79007064457
880024885494664
88002282775
79044371507
8917568705662282
7946306626885332
79005220377
88007737045
79842553963
79214399696
88009506719
79829837850
79725105235
8927375588858587
7981317374360413
792583986848419
8936275371435994
79140082386
79983303792
7976666226431792
79152346956
7945637232010546
8914592196497818
88007765693
79946009188
7990256517322820
79489236381
79326833220
79188072961
79176920684
88003357356
8800622354542951
8955554251637675
8988543959912448
7990694787495545
79247812048
88005896198
79486906588
7947243351175450
8979605358936699
79225001537
7971744398526222
8800774944525125
79156556530
8800866874032346
8915856599269098
79915594985
8982502787924621
7935843518625225
88001796697
7995147128435537
88002829194
8800475307239785
79621879809
8973042580525752
8915953135123992
7972844485939727
88002737892
798843969161452
79738317084
88003625930
8982916309616726
79193512085
7917459824742247
79260094123
79595057399
8981338155615466
88005686118
79270783482
88009691732
8800497344729191
79658795485
79913098563
79961991823
79767352722
8950661942696060
8970496332071921
79987551760
7965150128422743
79851757669
7953760111366494
79975563491
7916249646819149
79629804525
8960237197887974
8989310938495497
7939907593126554
8800758352648032
79117167192
7976846776313592
8969817834693771
79451488538
79943759958
7993585256132252
7942922876411984
8800920497315974
8988703655361839
8901294471513875
7964399648712330
8987579797667362
79591520460
8800934951150867
8988230405434749
8800741526121391
79666295894
88009174672
7919485921185141
8908314927963590
8927397433249754
88009895538
79340394589
88002307924
88007517155
88004714624
79276234560
7910484395935868
88004014396
7953548896349321
7961787015336822
79918294455
79528953993
7919796506924389
8945018663066947
79817694232
79707616057
79486237409
79788112387
8800534925717353
88003852770
79427919123
8943814119545796
880098339292167
7959027057040225
88001484497
79721790195
7964280370759313
79705138476
7964315519827136
79885294204
79514900860
8800512393634234
79834706166
79477701282
79103772164
79897414351
797790147267589
79661695941
88009808440
88009673087
798692508333035
88009704284
7981270093031316
79946832981
79049089682
79923473453
79458677487
88002006415
8966102089817935
8800939183322297
7971453515216620
8800887711743687
79273698758
792031739093500
79508764627
88009789378
88005659450
79865919962
79676540652
79519862798
8957961547745070
7981629134999783
7941753312846698
88002661410
8920550129018982
8987565324836506
8930895617778172
79630065606
7920651824243278
88009873310
8946544323610603
79402271324
8956890157495555
79768873470
8991440537264989
8800612419943980
8800894547115990
79953458070
88001576357
79056255827
8943683003624736
791471234005981
8800477831550897
79718460499
8980596332127674
79502339487
8986232508227653
8963673313236070
79976587308
79848068520
79484560643
8800186386327523
79922965481
79448403168
8800884563068630
79177849905
8800614783639693
8943117142014048
7981741409922671
79662042139
8800944116729228
79914848029
88005849212
79946902990
7969765236939690
79674726542
8915874708567314
7959181745322573
7999554160779654
8800586534350825
79418860789
79213327735
79619888520
79251485039
79758141839
8994494362058600
8800718547544186
89746319537438
7972371832831614
8800193254630382
7958547263049808
79654758160
8970157509116421
79504440185
7968846777422365
8916375006673843
795271824865338
8930968499149225
7924066006937674
7926187963641891
79824957255
8953326111234560
7958775489128990
79132321568
79836643936
892059045205207
79645020612
8996154778159148
79915611216
8958834076223796
88005023886
7978589693913348
79206519029
79185184896
8929565365774737
8957564125914173
8958174268011480
894189196777024
79394628663
8903770756521457
7990453824129550
7946871241735583
88008292258
79742984487
798835017881315
8996447438651599
79170524884
8800899278517579
88008245860
7965595521066415
8933457681238886
79959905180
894410174349397
79445215484
7981957068046069
7996907144337170
8985374700882961
7984056410575692
8933978718885322
79754904187
8989216587448381
8800453624226853
8945456746211459
8978859914449446
8919716144889351
79902426830
79351116117
7919960126918181
8924769566020657
7936242703923241
7992798126285780
7935574537547123
79996769602
79414298835
7922884395213829
79316989656
79143234551
8982745662113612
88004692194
88002462780
79821645916
8800394323649489
880083884892837
79151003193
8989891141222914
8800206182743868
79580910484
7961496450585948
8929295197546209
79406046268
8936628643647820
897292342116156
8943657174948594
79316728990
79431077432
8933925206528530
8949330414453919
7933438100292805
8971443598839015
7989420775431464
7967240835549263
7923068036774967
88008767959
79395761481
7977257673524415
88005666014
88003075072
7981207919893152
7956814433426812
8800233585970922
8800100647541702
79814047969
8966817607317859
8800521513782866
79422849671
8978151355821768
88008918267
7951756467830472
79664974066
88001494732
79964547912
88008041024
8800448448917861
8800905826624678
7939144573530312
88006141762
79569404915
7952058085895214
79182250487
8922444028226235
79830238129
79207969279
88008782033
7997432632571023
79676319264
8965921722821247
88007826922
8800947296414134
88006147944
79307466696
79644560622
8800818632873381
79646591985
791556710115054
8800115682416912
79309158911
79962843374
8800154144841344
88006423263
7943530406369005
88001463440
7919383930249663
88007695626
8963913442420814
79206832118
79177029496
7996655357067563
7986205111038362
79657993363
8937961901669715
79892602444
79159769340
88008009446
79471459462
88005234372
88005477761
79409818671
79436668459
8800585959741724
7935578246474642
8931623771129753
79890597580
7950128460736894
7936107708665541
79469089188
79491371726
79854719775
79873648447
7928108849536583
79603784951
8998988596984426
8800556249529063
79113046058
79143359940
8952401396734493
79532551747
88002987582
7972691595738212
7992590943148933
79144733187
79179873904
79558008894
8972315171175129
8800725896073023
7949485577349324
79685837837
88007493318
8918475662241344
79314452129
8800754895399578
7944917693344259
79499460594
7999960487655470
8994467104178042
7965403964485100
7955648426012560
880074661118946
8927281677239704
79644545903
79232018591
79862660954
891010574592572
7927255316327913
8956414176828962
79540838359
79060833868
79578736882
79613193380
79177189454
88003808753
79806349363
7921697289921426
79345783696
79774977177
7915137298475159
880049482282655
79733262494
79685940648
79159191258
791887655892371
79853206764
880044168928714
79142894197
79316190128
79128636829
79398836588
7930787824029081
8954785035780443
79489282463
8800742134315114
7935319534827715
88001717584
88007612639
88001144621
8800824128185498
88007623525
8968074180178037
8906024663445590
79218923143
79139448468
8961669159357803
7946978583715047
79562964796
79253162287
79642187563
8931050122539050
7964750107316432
79832512726
8966787228533888
79556905186
8959016889519540
7914748458643521
79605515494
8968330465443226
79488169669
79770994804
79713109909
79919607586
7996709913956101
88003699547
79326138219
88001489220
8800574443354905
79728159110
7928913606247765
79676207319
7998093180113470
88002453873
88009195576
7996790192683833
79374018282
79645723015
8998555975222152
79458903877
8800450588548997
899120930663536
79135295110
79383555088
79477173931
79931829015
88002994946
79674957154
79336085237
79209202813
7937691675118188
88002942821
79986338114
8800380694519184
7992057856968458
79798627618
8925952413044105
7988810091540821
79741665317
7986922879923842
7954386948298087
8974083159571975
79752569618
79825481211
88006371777
79371035428
8962329756091854
8800253701391279
79167750892
8940937931493843
88006678941
8800792799036325
79114193513
8962561641527619
7970188055022819
79988612376
79141328635
7971397202632981
79522065460
79510822251
8931750203139191
88004064495
79358881634
880068658163087
79701872385
79469755770
79398905719
88002798670
79527605105
79337319023
8999575809672750
88006997034
88002722296
8964216778158454
79195347636
7927513141831460
7973572643796355
8941127365750309
8935959616448927
79552094867
8991410678124059
88001227143
79985321314
79972296620
7963558054532911
8973126365829741
79599771907
8800837395580743
79702397249
8928780869847564
79264817230
8945153267443617
79721764317
7923153474264294
880086672713500
7980789183034830
8927524586791573
79416118709
79628275543
79979949881
8937304342721117
79262157078
79982849877
7927316729194230
79664228158
79521501212
88002389272
79507475810
79162129844
79484244087
8948447388627353
7953273978812980
79193142255
88009335664
7958782719447043
88009093893
7930501242891898
8992870115227219
79503268860
88006358656
7959576502920745
79097643661
7989467613132934
8800290461934110
79970035416
88008431373
7995256817479272
7922688088378010
79412606816
8800970329721557
7968239680536969
79359819530
7938649181323526
88007169278
8919004045666809
88003243461
7981245091720422
7913398027564346
8800944688673503
79402050320
7950489307468674
8991928209285558
79437049736
79200344334
79332539501
8982007828032766
7944553164545032
79521227718
8914167018624381
7922568529031340
7927322093989601
88005787477
7948276100148485
8957450033843176
79257605352
79249158987
79323018341
79205889632
79559484922
79389598454
8912018431116457
8921838966045702
79743019237
793666306916373
7931038446453402
79222505896
79585340844
88005606015
8948468168629080
79523959323
7969305961391447
892805339087042
794588943293724
88004799553
88007358857
79885206167
79663616742
88005515162
79291388433
79581945186
79438051080
8986779836084744
79299777282
8800154736085515
79344703956
79348020345
793418619139443
8800659464192417
7933464844557196
79398883386
79866371608
88009642842
8925921570543354
8938680454022357
8902769452847919
79339949147
7945715312044199
79743743046
79467280185
88001984784
8988449982248464
79359522670
8800794119141750
8908574089843375
79872311144
7969793060693525
8957441704042909
79488002860
8800582367212668
88006339865
79897740190
79651713702
8800356778117031
79195200716
79537106969
79789325196
7954207372482929
8800634387648945
793036113132852
88002308944
88009238151
8800816669928022
79386495336
79569268097
79354115712
8983909397516633
8992742289225267
79651827338
793570368219763
79696398345
8936843379345907
799253651012781
79323743447
8800706696986458
8800271914422792
79002967264
88005674561
8994831787467005
898084092269912
79865389384
79443971700
79227455016
7955573740750781
79642880417
8983517402191722
79270426115
7996874168131675
79916066390
79202132044
8914796381747614
88003092967
7973237820110858
7964870095015128
88007433579
8913856929913149
79308747576
7992398852732081
7941018257474640
79677618274
8949642805949107
79641563876
7966215997920607
7933640141037225
8936857724132101
8916479845410091
88005802763
7933380851085098
89878437974269
79242066356
79958659407
8949577612513925
8970627836135716
8959678704521748
79592239647
79066811658
79656703847
798919325303022
79696149150
79505824974
7935563900036608
79496758837
799272231362216
79573606710
79653976649
79308615705
7929972815468639
79901545077
88008062669
88004301926
79462748533
88005626249
8951204131725129
88005355479
79524121014
8800768609795439
8912899956589680
8915436558174532
8998826190746972
7948240158127117
8800557574821254
79816223284
8913413498154492
79151391423
8939085981322581
8942368924131374
8925620425937752
7963500217983851
79306538465
7993916544679065
79893574409
79672162674
79674766466
79127676777
8927698841930750
79965617579
8968959818329895
8969120228728469
79509919286
88002386623
7930167117372828
8800649333041736
7934201798092839
79192218766
7940637005920494
79765626806
8945347153556122
79331831775
88009804677
79445727470
8980204790062991
7940016997843018
7925781712585914
79044672544
8995980904215406
79886650954
88003526593
79075898857
8800702562641868
88006043492
880025839977709
79726315131
79813468174
88002263743
8995732679165727
88009071919
8800264762924058
79789282606
8920663373479845
79619950237
8949118553624695
79339693281
79444238426
79552247855
7912979231119582
7999600526630570
79614978016
7914017286623514
8953589104939933
8921602197833952
8800566973437716
79647666881
79102561990
79272608518
880073454498796
79032157232
8963470432883112
79486042324
8800988271415033
7964704486780225
8800571473876011
8800400386416625
88004515150
79797410098
79269008838
79816832080
7988307544444062
8800768351812444
8800664154447253
79366139620
79449365144
79994465120
7930759443812446
7950485344445657
79375331746
8980998917616984
79648285238
79601630577
7939566245040938
892996435722053
79657971651
7937355059547191
79979859251
79411025650
79841093062
88006507779
88009742539
79423581978
79513698416
8800904884216439
79685182096
88001414065
7977144083060185
899083770283609
8929568521164892
79715365231
79358327188
795728608425467
8963786345115780
896420512639138
88007628283
7969389835061946
8938321298599778
79563526260
88007964746
88007513922
8944800952189197
8986400184872486
8974465046418341
893610022002212
79249394832
79855342072
88004661592
79272206963
7953653593891970
7915781377895093
7992987464818290
79907753311
7956151279125497
8800434486046575
895924778202615
88008721529
79196326181
79339377756
79791959129
7999889436010452
7965843410852203
79880306653
8800515895998368
7935527548562550
8971548168345115
894196036395292
79425066038
79354674588
8909971323934007
8942251707170725
79587642927
79117488116
88006436830
8917745132274655
88001807659
8955075472326165
79303593707
8989293206533482
79362833611
8998796814762548
7931683384199419
7952912245783508
79633918946
88007941153
79463796788
8925104058714244
8948731854926006
79162178748
88001275278
8940902686050468
79208053311
8930541671729195
8800991367919469
7940803116452501
88002325134
8800911595439434
7919286477162272
7919041538137434
79277978578
79952343210
792784476706141
8800525747512545
79424578451
7982953825659147
8949421836940515
88002345498
79928650440
79863667358
8985921842443579
7919773333559077
79787081482
79211580098
7991568763692426
79445738303
79059207221
79241281082
79895802735
79115833311
7986853315496827
8800684515599151
7928091052931393
8988111611692794
79152997275
8983716166740761
79245499958
8902601767193563
8935446315687065
79672454765
88004473982
79228832078
880060021472008
880090058563253
8941211605037067
8990245418350262
79914652283
7975675343643953
8931007300319532
8920717319637279
79909917631
8956386337111975
79636834895
8952884921260725
8913590556273957
79606406909
79724912460
7960470501561005
880090293351765
79315461748
79711548490
8946958672755524
8800235812948840
8800605794419013
8800588749084203
7972492733992388
88004715583
8969120235124578
8975900303152335
79163297132
88005231713
79821678856
8990289789334259
8924969296992090
8800214487031775
79462435023
79641339064
8800744753380760
88008135964
79594060078
79544340534
88007134740
79651931486
7997800047637222
8800708281920793
79176726335
7935511466838980
79756272548
88003582966
7963847149625422
79451419317
79926323650
79515717645
8800721198514007
88001043084
8800607363749790
79157993642
79912930760
7910142396574387
8987879447243848
88008715597
894003494791634
79678742944
79200949728
79252375540
88007084423
892436671172640
79687023443
8910890909899663
8981470701163432
8993398236233239
79595771565
79986800243
79832160642
7989585647023620
8979603465886157
8928139535032170
7976877991287022
79203274080
79391672052
8924692646233692
7917218073415054
88001453788
79539711767
79929362391
8800954893183322
88003033532
8800995709759987
79801642423
79257295254
795416842598537
7967642500336991
8955313832092622
7961535543459160
797695664948290
8993255695919104
8924298379482291
88004847512
8992571903538229
8800685537194618
79965128984
8971402335421967
79872919241
8800343431556896
79958132615
79714049271
79762539244
7960704860832288
7983092651494695
8938041037213510
79251004290
7926282326725193
88008223570
79294284040
79332568414
79072186821
88007565345
88001876835
88003216642
799749813899307
8978967852439532
8800736818080213
88006909388
880030686364282
88001093414
8800924366034594
8944982159048654
79455393729
79974270023
88009971885
79947286822
79816435625
79455584775
79725429467
79286069322
79373806075
88001808963
8800321324644737
8800744173421934
79872506869
8918999603828647
7987322372159789
8978745982735402
8976172298676686
7973800128178242
8930896874123273
8900147071053831
88004786488
79935318894
79563249479
8800582179771324
8924450789444168
79645176785
88008392573
79588849814
880080443506834
79851369891
79117695298
79485189511
899171743405870
8800909416965968
8916367879965738
7929858289426180
79579848199
88002666368
8920243673236625
7992171827938764
8800182241027694
897081483123324
7913819856425285
79898774650
8980155606024087
8994578114638729
88003061114
8976261284336775
7932179231214419
8800787483447441
79147178928
7948727007497054
79572076457
8900671877323025
7981587324966990
8966181458280657
8800219413138307
79138642193
88001469284
8972055638167446
79731491820
79443679022
79167657191
7962396080978440
79609419320
88007854410
7941928501326449
8911728597123133
8935060328716721
79902094852
79973919377
79845251495
7949566479835440
794249504214039
79571618810
7976857590014161
7924219610218172
8945906494059886
79904686428
79413533427
79466000997
79840640630
79177404911
88003536815
79834228157
79843383963
8922261888535506
79912922518
88002511456
8942551746323477
7927292779918742
79748973229
79458791515
79467587801
8954810204846719
79484520843
7996199857624090
79493774131
88008483370
896050319652024
7969294720649524
8922494515227743
8800487127419732
79973591296
88004684982
8911486643787789
88003403799
8936671455836822
79206753834
7915966277014578
8910576705159170
880065098782389
79762599581
79675911438
8932709694013872
798883839696657
79739556250
8800236985526273
7950329061977550
8955553217563457
79352804949
79412577472
893968331717958
797175834945781
791058413834245
79273114550
79783620228
8800971881512848
7983034709137205
7937721075872264
79958007573
79777324577
79104406789
79347436541
79474504992
8800757774334537
79919110413
79805419414
8800448978742715
79452635450
8984755360021643
88004964458
7969789379492311
8961358583883672
792964344779797
8800201396182799
7993396410889387
7959909715397024
7971453655256460
79408681180
88003899346
79223618683
79197920999
79618829890
8995990129720806
7974519441299887
79984225874
8970269904519457
893686859253705
79111970602
8800132575539547
7986835536183788
79383370720
7938237066811973
795098857236366
79172363478
79659887771
79239539979
880091967572737
79105085779
8950810565833037
79472882358
79976722293
8946605386358514
79232096585
79334739859
79100546597
7957642562038278
79387238040
7984415939220935
79962661040
7962166743194847
79718442797
7979458421861685
79381452002
79973796817
880071610391452
7911710058147438
7948849185433449
88002797045
79465979280
79529641607
7968759412948727
7927638396457006
8919020678599953
7922882991063683
8951536458612205
8954487788918193
79412437496
88003324880
79958079692
79596285895
8800391546038428
79341855318
8998291936524380
79921515690
8800447343941907
8972432797536968
79617095783
7985313674898501
8995380822345620
79831498205
79668947819
79194796965
88008278166
79863497679
79764688679
8994543547243952
795468129154810
88005447189
8800616513723906
79988013610
7998609121111397
88001159355
79814173861
8970099156062906
8991607886232153
79521770658
791651812285006
8903916197933561
88006515770
799158661806802
79516093320
8987324606069536
79771657747
79108096385
8972334336832478
88001107174
79447498295
79775996463
7926192163513141
8958889186033443
8979119746397472
8800385127346992
8946295495520496
79888382659
79995504726
8800159222783625
7969710750588296
7937434847938190
79212364804
8984721613515282
79377617065
79324895358
7953514216248268
79341109717
898825558232555
79234834899
7962574675626224
88004581946
7994808361494545
88007507689
79502923728
8911533673338209
8800403858373310
8958650403772742
79127502122
79438055114
8923323107386143
79369768593
8973478437145277
79681826530
79295774448
8933805468386481
88007509189
79659360548
88005978123
79864221412
79089945002
79644077861
8905063885629935
88009944522
79487558531
88005408420
79171455185
79494424847
7912247736293713
79615836326
79633509912
79658763524
7986607929030875
8900994745035387
88001633142
79948408371
79297569230
8974394724674848
8916514913919805
79909688149
7916674404426052
79837798485
8956032428065721
79478718185
7935726243573310
8800416591422646
88003642624
7958427857965705
79763945834
88006544847
88005941242
79197043736
79672711691
88005636451
7992283850336819
79395984883
79302267788
79827785153
79113217276
8800721761382721
79645012967
8800831838628082
7915139278035411
79516295544
7974140572986968
79545426682
79659280891
88004969159
79326660812
8921668666383712
8800632612834910
7957829628086912
79149966231
7998312019230238
7965243248643754
8936186616815455
79248047556
8912984611864916
8987625475321131
79499030606
79182943128
8938745545479824
880079666148828
8937260349541722
7977158448140425
79997271326
8800847485220704
79376939793
8800498179141140
79685169994
8957803352431885
79848191078
7970137754611273
79397697520
79306982434
79183563150
79739988624
890043032883270
79037760952
7910274137542268
79755917079
7923994281134677
79831386793
8800554749019608
88002414834
88008004399
88001713176
8800341561926898
79693079167
8929374109657769
79720590267
8800830637893681
7974964849541908
79936230495
79806444130
8911885273031433
79472545194
79297035969
79707832150
8933200025831357
8800418719554100
79587083846
79294838926
79563034501
79713988572
79171901127
88003766019
79674845515
79665644288
79909410853
79361553665
79599983887
8800509125291802
79477368744
8800957485979222
8935482285671651
79524261024
79344853803
7990859782045072
79693551930
8800266309537355
79355265427
79171953349
79483724515
88007189346
8914958137867363
7975762453039986
8978638364668242
79359938312
89882537397815
79221720838
7912614483998092
792610987399261
79075339896
7976534051617110
79326988412
7922218941287122
8978843944532846
79305575550
7997790936632868
880046827478192
88005452273
8912961842938128
8800748448454975
79595676586
79936904104
79236487523
79424995179
8913422225648229
88004926489
8800476997310838
7999012767778604
79303709576
79845683567
79865490573
791435995484534
8978542259593659
79223910825
79154589988
88005426276
8959368604178331
79295501641
8935185754614806
7957350941810270
79352185122
88008939617
8935500824939779
79563688690
79708649570
8800256825568251
8911421807457654
79206350780
88001719869
79256427567
88001016512
79299241587
8999690677810312
7982525050526304
88001882980
791124240178795
8800970632058418
793168669388821
7988767441689743
7921807473961140
88008407911
79069240200
79401527600
8917141178623050
8968076890126491
88008465018
79363228510
79965105311
88009426177
8946429388780557
88004687147
8947403224333649
7944403757427004
